---SportyGo_ver_0_1_5_insert_1211--------
------------01-INSERT--------------------
------------MEMBERLIST-------------------
---------------------------------20181210
INSERT INTO MEMBERLIST(MEM_NO,MEM_NAME,MEM_ACCOUNT,MEM_PSWD,MEM_EMAIL,MEM_PHONE,MEM_STATUS)
VALUES('M'||LPAD(TO_CHAR(member_seq.NEXTVAL),3,'0'),'大衛海鮮','a001','123456','s9821100@gm.pu.edu.tw','0937351931','正式會員');

INSERT INTO MEMBERLIST(MEM_NO,MEM_NAME,MEM_ACCOUNT,MEM_PSWD,MEM_EMAIL,MEM_PHONE,MEM_STATUS)
VALUES('M'||LPAD(TO_CHAR(member_seq.NEXTVAL),3,'0'),'Peter1','a002','123456','s9821100@gm.pu.edu.tw','0937351931','正式會員');

INSERT INTO MEMBERLIST(MEM_NO,MEM_NAME,MEM_ACCOUNT,MEM_PSWD,MEM_EMAIL,MEM_PHONE,MEM_STATUS)
VALUES('M'||LPAD(TO_CHAR(member_seq.NEXTVAL),3,'0'),'大崛彩','a003','123456','s9821100@gm.pu.edu.tw','0937351931','正式會員');

INSERT INTO MEMBERLIST(MEM_NO,MEM_NAME,MEM_ACCOUNT,MEM_PSWD,MEM_EMAIL,MEM_PHONE,MEM_STATUS)
VALUES('M'||LPAD(TO_CHAR(member_seq.NEXTVAL),3,'0'),'松井稼頭央','a004','123456','s9821100@gm.pu.edu.tw','0937351931','正式會員');

INSERT INTO MEMBERLIST(MEM_NO,MEM_NAME,MEM_ACCOUNT,MEM_PSWD,MEM_EMAIL,MEM_PHONE,MEM_STATUS)
VALUES('M'||LPAD(TO_CHAR(member_seq.NEXTVAL),3,'0'),'櫻木花道','a005','123456','s9821100@gm.pu.edu.tw','0937351931','正式會員');

INSERT INTO MEMBERLIST(MEM_NO,MEM_NAME,MEM_ACCOUNT,MEM_PSWD,MEM_EMAIL,MEM_PHONE,MEM_STATUS)
VALUES('M'||LPAD(TO_CHAR(member_seq.NEXTVAL),3,'0'),'流川楓','a006','123456','s9821100@gm.pu.edu.tw','0937351931','正式會員');

INSERT INTO MEMBERLIST(MEM_NO,MEM_NAME,MEM_ACCOUNT,MEM_PSWD,MEM_EMAIL,MEM_PHONE,MEM_STATUS)
VALUES('M'||LPAD(TO_CHAR(member_seq.NEXTVAL),3,'0'),'茂野吾郎','a007','123456','s9821100@gm.pu.edu.tw','0937351931','正式會員');

INSERT INTO MEMBERLIST(MEM_NO,MEM_NAME,MEM_ACCOUNT,MEM_PSWD,MEM_EMAIL,MEM_PHONE,MEM_STATUS)
VALUES('M'||LPAD(TO_CHAR(member_seq.NEXTVAL),3,'0'),'運動明星','a008','123456','s9821100@gm.pu.edu.tw','0937351931','正式會員');

INSERT INTO MEMBERLIST(MEM_NO,MEM_NAME,MEM_ACCOUNT,MEM_PSWD,MEM_EMAIL,MEM_PHONE,MEM_STATUS)
VALUES('M'||LPAD(TO_CHAR(member_seq.NEXTVAL),3,'0'),'酷斃','a009','123456','s9821100@gm.pu.edu.tw','0937351931','正式會員');

INSERT INTO MEMBERLIST(MEM_NO,MEM_NAME,MEM_ACCOUNT,MEM_PSWD,MEM_EMAIL,MEM_PHONE,MEM_STATUS)
VALUES('M'||LPAD(TO_CHAR(member_seq.NEXTVAL),3,'0'),'ROLE1','a010','123456','s9821100@gm.pu.edu.tw','0937351931','正式會員');

INSERT INTO MEMBERLIST(MEM_NO,MEM_NAME,MEM_ACCOUNT,MEM_PSWD,MEM_EMAIL,MEM_PHONE,MEM_STATUS)
VALUES('M'||LPAD(TO_CHAR(member_seq.NEXTVAL),3,'0'),'手臂強','a011','123456','s9821100@gm.pu.edu.tw','0937351931','正式會員');

INSERT INTO MEMBERLIST(MEM_NO,MEM_NAME,MEM_ACCOUNT,MEM_PSWD,MEM_EMAIL,MEM_PHONE,MEM_STATUS)
VALUES('M'||LPAD(TO_CHAR(member_seq.NEXTVAL),3,'0'),'漢米爾頓','a012','123456','s9821100@gm.pu.edu.tw','0937351931','正式會員');

INSERT INTO MEMBERLIST(MEM_NO,MEM_NAME,MEM_ACCOUNT,MEM_PSWD,MEM_EMAIL,MEM_PHONE,MEM_STATUS)
VALUES('M'||LPAD(TO_CHAR(member_seq.NEXTVAL),3,'0'),'野原家','a013','123456','s9821100@gm.pu.edu.tw','0937351931','正式會員');

INSERT INTO MEMBERLIST(MEM_NO,MEM_NAME,MEM_ACCOUNT,MEM_PSWD,MEM_EMAIL,MEM_PHONE,MEM_STATUS)
VALUES('M'||LPAD(TO_CHAR(member_seq.NEXTVAL),3,'0'),'勘吉','a014','123456','s9821100@gm.pu.edu.tw','0937351931','正式會員');

INSERT INTO MEMBERLIST(MEM_NO,MEM_NAME,MEM_ACCOUNT,MEM_PSWD,MEM_EMAIL,MEM_PHONE,MEM_STATUS)
VALUES('M'||LPAD(TO_CHAR(member_seq.NEXTVAL),3,'0'),'恰吉','a015','123456','s9821100@gm.pu.edu.tw','0937351931','正式會員');

INSERT INTO MEMBERLIST(MEM_NO,MEM_NAME,MEM_ACCOUNT,MEM_PSWD,MEM_EMAIL,MEM_PHONE,MEM_STATUS)
VALUES('M'||LPAD(TO_CHAR(member_seq.NEXTVAL),3,'0'),'安西教練','a016','123456','s9821100@gm.pu.edu.tw','0937351931','正式會員');

INSERT INTO MEMBERLIST(MEM_NO,MEM_NAME,MEM_ACCOUNT,MEM_PSWD,MEM_EMAIL,MEM_PHONE,MEM_STATUS)
VALUES('M'||LPAD(TO_CHAR(member_seq.NEXTVAL),3,'0'),'三井','a017','123456','s9821100@gm.pu.edu.tw','0937351931','正式會員');

INSERT INTO MEMBERLIST(MEM_NO,MEM_NAME,MEM_ACCOUNT,MEM_PSWD,MEM_EMAIL,MEM_PHONE,MEM_STATUS)
VALUES('M'||LPAD(TO_CHAR(member_seq.NEXTVAL),3,'0'),'戴資穎','a018','123456','s9821100@gm.pu.edu.tw','0937351931','正式會員');

INSERT INTO MEMBERLIST(MEM_NO,MEM_NAME,MEM_ACCOUNT,MEM_PSWD,MEM_EMAIL,MEM_PHONE,MEM_STATUS)
VALUES('M'||LPAD(TO_CHAR(member_seq.NEXTVAL),3,'0'),'周天成','a019','123456','s9821100@gm.pu.edu.tw','0937351931','正式會員');

INSERT INTO MEMBERLIST(MEM_NO,MEM_NAME,MEM_ACCOUNT,MEM_PSWD,MEM_EMAIL,MEM_PHONE,MEM_STATUS)
VALUES('M'||LPAD(TO_CHAR(member_seq.NEXTVAL),3,'0'),'李宗偉','a020','123456','s9821100@gm.pu.edu.tw','0937351931','正式會員');

INSERT INTO MEMBERLIST(MEM_NO,MEM_NAME,MEM_ACCOUNT,MEM_PSWD,MEM_EMAIL,MEM_PHONE,MEM_STATUS)
VALUES('M'||LPAD(TO_CHAR(member_seq.NEXTVAL),3,'0'),'OHTANI','a021','123456','s9821100@gm.pu.edu.tw','0937351931','正式會員');

INSERT INTO MEMBERLIST(MEM_NO,MEM_NAME,MEM_ACCOUNT,MEM_PSWD,MEM_EMAIL,MEM_PHONE,MEM_STATUS)
VALUES('M'||LPAD(TO_CHAR(member_seq.NEXTVAL),3,'0'),'厄文','a022','123456','s9821100@gm.pu.edu.tw','0937351931','正式會員');

INSERT INTO MEMBERLIST(MEM_NO,MEM_NAME,MEM_ACCOUNT,MEM_PSWD,MEM_EMAIL,MEM_PHONE,MEM_STATUS)
VALUES('M'||LPAD(TO_CHAR(member_seq.NEXTVAL),3,'0'),'大猩猩','a023','123456','s9821100@gm.pu.edu.tw','0937351931','正式會員');

INSERT INTO MEMBERLIST(MEM_NO,MEM_NAME,MEM_ACCOUNT,MEM_PSWD,MEM_EMAIL,MEM_PHONE,MEM_STATUS)
VALUES('M'||LPAD(TO_CHAR(member_seq.NEXTVAL),3,'0'),'晴子','a024','123456','s9821100@gm.pu.edu.tw','0937351931','正式會員');

INSERT INTO MEMBERLIST(MEM_NO,MEM_NAME,MEM_ACCOUNT,MEM_PSWD,MEM_EMAIL,MEM_PHONE,MEM_STATUS)
VALUES('M'||LPAD(TO_CHAR(member_seq.NEXTVAL),3,'0'),'杜蘭朵','a025','123456','s9821100@gm.pu.edu.tw','0937351931','正式會員');

INSERT INTO MEMBERLIST(MEM_NO,MEM_NAME,MEM_ACCOUNT,MEM_PSWD,MEM_EMAIL,MEM_PHONE,MEM_STATUS)
VALUES('M'||LPAD(TO_CHAR(member_seq.NEXTVAL),3,'0'),'咖哩','a026','123456','s9821100@gm.pu.edu.tw','0937351931','正式會員');

INSERT INTO MEMBERLIST(MEM_NO,MEM_NAME,MEM_ACCOUNT,MEM_PSWD,MEM_EMAIL,MEM_PHONE,MEM_STATUS)
VALUES('M'||LPAD(TO_CHAR(member_seq.NEXTVAL),3,'0'),'勒布朗','a027','123456','s9821100@gm.pu.edu.tw','0937351931','正式會員');

INSERT INTO MEMBERLIST(MEM_NO,MEM_NAME,MEM_ACCOUNT,MEM_PSWD,MEM_EMAIL,MEM_PHONE,MEM_STATUS)
VALUES('M'||LPAD(TO_CHAR(member_seq.NEXTVAL),3,'0'),'AARON','a028','123456','s9821100@gm.pu.edu.tw','0937351931','正式會員');


commit;


------------02-INSERT--------------------
------------FRIEND-----------------------
---------------------------------20181210


------------03-INSERT--------------------
------------SPORT------------------------
---------------------------------20181210insert into SPORT values('SP' || LPAD(SPORT_SEQ.nextval, 3, 0), '棒球');
insert into SPORT values('SP' || LPAD(SPORT_SEQ.nextval, 3, 0), '棒球');
insert into SPORT values('SP' || LPAD(SPORT_SEQ.nextval, 3, 0), '排球');
insert into SPORT values('SP' || LPAD(SPORT_SEQ.nextval, 3, 0), '籃球');
insert into SPORT values('SP' || LPAD(SPORT_SEQ.nextval, 3, 0), '網球');
insert into SPORT values('SP' || LPAD(SPORT_SEQ.nextval, 3, 0), '羽球');
insert into SPORT values('SP' || LPAD(SPORT_SEQ.nextval, 3, 0), '慢跑');
insert into SPORT values('SP' || LPAD(SPORT_SEQ.nextval, 3, 0), '自行車');



------------04-INSERT--------------------
------------VENUETYPE--------------------
---------------------------------20181210
Insert into VENUETYPE (VT_NO, VT_NAME) values ('VT'||LPAD(to_char(VENUETYPE_SEQ.NEXTVAL), 3, '0'), '籃球場');
Insert into VENUETYPE (VT_NO, VT_NAME) values ('VT'||LPAD(to_char(VENUETYPE_SEQ.NEXTVAL), 3, '0'), '排球場');
Insert into VENUETYPE (VT_NO, VT_NAME) values ('VT'||LPAD(to_char(VENUETYPE_SEQ.NEXTVAL), 3, '0'), '網球場');
Insert into VENUETYPE (VT_NO, VT_NAME) values ('VT'||LPAD(to_char(VENUETYPE_SEQ.NEXTVAL), 3, '0'), '棒球場');
Insert into VENUETYPE (VT_NO, VT_NAME) values ('VT'||LPAD(to_char(VENUETYPE_SEQ.NEXTVAL), 3, '0'), '羽球場');


------------05-INSERT--------------------
------------REGION-----------------------
---------------------------------20181210
Insert into REGION values (100, '台北市中正區');
Insert into REGION values (103, '台北市大同區');
Insert into REGION values (104, '台北市中山區');
Insert into REGION values (105, '台北市松山區');
Insert into REGION values (106, '台北市大安區');
Insert into REGION values (108, '台北市萬華區');
Insert into REGION values (110, '台北市信義區');
Insert into REGION values (111, '台北市士林區');
Insert into REGION values (112, '台北市北投區');
Insert into REGION values (114, '台北市內湖區');
Insert into REGION values (115, '台北市南港區');
Insert into REGION values (116, '台北市文山區');

Insert into REGION values (200, '基隆市仁愛區');
Insert into REGION values (201, '基隆市信義區');
Insert into REGION values (202, '基隆市中正區');
Insert into REGION values (203, '基隆市中山區');
Insert into REGION values (204, '基隆市安樂區');
Insert into REGION values (205, '基隆市暖暖區');
Insert into REGION values (206, '基隆市七堵區');

Insert into REGION values (207, '新北市萬里區');
Insert into REGION values (208, '新北市金山區');
Insert into REGION values (220, '新北市板橋區');
Insert into REGION values (221, '新北市汐止區');
Insert into REGION values (222, '新北市深坑區');
Insert into REGION values (223, '新北市石碇區');
Insert into REGION values (224, '新北市瑞芳區');
Insert into REGION values (226, '新北市平溪區');
Insert into REGION values (227, '新北市雙溪區');
Insert into REGION values (228, '新北市貢寮區');
Insert into REGION values (231, '新北市新店區');
Insert into REGION values (232, '新北市坪林區');
Insert into REGION values (233, '新北市烏來區');
Insert into REGION values (234, '新北市永和區');
Insert into REGION values (235, '新北市中和區');
Insert into REGION values (236, '新北市土城區');
Insert into REGION values (237, '新北市三峽區');
Insert into REGION values (238, '新北市樹林區');
Insert into REGION values (239, '新北市鶯歌區');
Insert into REGION values (241, '新北市三重區');
Insert into REGION values (242, '新北市新莊區');
Insert into REGION values (243, '新北市泰山區');
Insert into REGION values (244, '新北市林口區');
Insert into REGION values (247, '新北市蘆洲區');
Insert into REGION values (248, '新北市五股區');
Insert into REGION values (249, '新北市八里區');
Insert into REGION values (251, '新北市淡水區');
Insert into REGION values (252, '新北市三芝區');
Insert into REGION values (253, '新北市石門區');

Insert into REGION values (320, '桃園市中壢區');
Insert into REGION values (324, '桃園市平鎮區');
Insert into REGION values (325, '桃園市龍潭區');
Insert into REGION values (326, '桃園市楊梅區');
Insert into REGION values (327, '桃園市新屋區');
Insert into REGION values (328, '桃園市觀音區');
Insert into REGION values (330, '桃園市桃園區');
Insert into REGION values (333, '桃園市龜山區');
Insert into REGION values (334, '桃園市八德區');
Insert into REGION values (335, '桃園市大溪區');
Insert into REGION values (336, '桃園市復興區');
Insert into REGION values (337, '桃園市大園區');
Insert into REGION values (338, '桃園市蘆竹區');

Insert into REGION values (209, '連江縣南竿鄉');
Insert into REGION values (210, '連江縣北竿鄉');
Insert into REGION values (211, '連江縣莒光鄉');
Insert into REGION values (212, '連江縣東引鄉');

Insert into REGION values (260, '宜蘭縣宜蘭市');
Insert into REGION values (261, '宜蘭縣頭城鎮');
Insert into REGION values (262, '宜蘭縣礁溪鄉');
Insert into REGION values (263, '宜蘭縣壯圍鄉');
Insert into REGION values (264, '宜蘭縣員山鄉');
Insert into REGION values (265, '宜蘭縣羅東鎮');
Insert into REGION values (266, '宜蘭縣三星鄉');
Insert into REGION values (267, '宜蘭縣大同鄉');
Insert into REGION values (268, '宜蘭縣五結鄉');
Insert into REGION values (269, '宜蘭縣冬山鄉');
Insert into REGION values (270, '宜蘭縣蘇澳鎮');
Insert into REGION values (272, '宜蘭縣南澳鄉');
Insert into REGION values (290, '釣魚臺');


------------06-INSERT--------------------
------------VENUE------------------------
---------------------------------20181210
Insert into VENUE values('V000001', '中央大學附屬中壢高中自強館', 'VT001', 320, 24.9625795754056, 121.211014509136, 'https://az804957.vo.msecnd.net/photogym/20140605155519_自強館1.JPG', '桃園市中壢區三光路115號', '03-4932181#34', '付費開放使用', '籃球場,羽球場(館),桌球場(館)');
Insert into VENUE values('V000002', '中央大學附屬中壢高中籃球場', 'VT001', 320, 24.9638709920322, 121.210166931414, 'https://az804957.vo.msecnd.net/photogym/20140610141357_籃球場1.JPG', '桃園市中壢區三光路115號', '03-4932181#34', '免費開放使用', '籃球場');
Insert into VENUE values('V000003', '中央大學依仁堂', 'VT001', 320, 24.9682993807963, 121.190807819366, 'https://az804957.vo.msecnd.net/photogym/20140710103425_依仁堂全景.JPG', '桃園市中壢區中大路300號', '03-4267128', '付費開放使用', '籃球館,排球館,韻律教室,技擊教室,體適能健身教室');
Insert into VENUE values('V000004', '中央大學籃球場', 'VT001', 320, 24.9697339773255, 121.189337968826, 'https://az804957.vo.msecnd.net/photogym/20140711153257_籃球場全景.JPG', '桃園市中壢區中大路300號', '03-4227151#57251', '免費開放使用', '籃球場');


------------07-INSERT--------------------
------------V_EVALUATION------------------------
---------------------------------20181210
Insert into V_EVALUATION values ('M001', 'V000001', 3);
Insert into V_EVALUATION values ('M002', 'V000002', 2);
Insert into V_EVALUATION values ('M003', 'V000003', 1);
Insert into V_EVALUATION values ('M004', 'V000004', 5);


------------08-INSERT--------------------
------------SG_INFO----------------------
---------------------------------20181210
insert into SG_INFO values('S' || LPAD(SG_INFO_SEQ.nextval, 3, 0), 'M001', '中央大學籃球魂不滅', to_timestamp('2018-12-30 10:00:00','yyyy-mm-dd hh24:mi:ss'),to_timestamp('2018-12-20 00:00:00','yyyy-mm-dd hh24:mi:ss'),to_timestamp('2018-12-27 00:00:00','yyyy-mm-dd hh24:mi:ss'),100,null,null,'公開','SP003','V000001',10,3,null,null,'歡迎歡迎熱烈歡迎',default,null,null,null,null);
insert into SG_INFO values('S' || LPAD(SG_INFO_SEQ.nextval, 3, 0), 'M002', '熱血雙城計畫', to_timestamp('2018-12-20 21:30:00','yyyy-mm-dd hh24:mi:ss'),to_timestamp('2018-12-8 00:00:00','yyyy-mm-dd hh24:mi:ss'),to_timestamp('2018-12-17 00:00:00','yyyy-mm-dd hh24:mi:ss'),100,null,null,'公開','SP007',null,8,5,null,null,'一起來騎卡打掐',default,121.51694880000002,25.0478142,120.30200650000006,22.6389745);
insert into SG_INFO values('S' || LPAD(SG_INFO_SEQ.nextval, 3, 0), 'M001', '台北直直跑', to_timestamp('2018-12-7 17:30:00','yyyy-mm-dd hh24:mi:ss'),to_timestamp('2018-11-30 00:00:00','yyyy-mm-dd hh24:mi:ss'),to_timestamp('2018-12-4 00:00:00','yyyy-mm-dd hh24:mi:ss'),null,null,null,'公開','SP006',null,5,3,5,4,'跑起來','成團',121.56447219999995,25.0339639,121.56631708145142,25.041126551200858);
insert into SG_INFO values('S' || LPAD(SG_INFO_SEQ.nextval, 3, 0), 'M001', '打排球', to_timestamp('2018-11-30 18:30:00','yyyy-mm-dd hh24:mi:ss'),to_timestamp('2018-11-20 00:00:00','yyyy-mm-dd hh24:mi:ss'),to_timestamp('2018-11-27 00:00:00','yyyy-mm-dd hh24:mi:ss'),null,null,null,'限社團','SP002','V000003',20,12,5,null,null,'流團',null,null,null,null);
insert into SG_INFO values('S' || LPAD(SG_INFO_SEQ.nextval, 3, 0), 'M002', '網球拍拍', to_timestamp('2018-12-30 18:30:00','yyyy-mm-dd hh24:mi:ss'),to_timestamp('2018-12-20 00:00:00','yyyy-mm-dd hh24:mi:ss'),to_timestamp('2018-12-27 00:00:00','yyyy-mm-dd hh24:mi:ss'),null,null,null,'公開','SP004','V000002',99,3,1,null,'便宜進口包包熱賣中','封鎖',null,null,null,null);--notice the max of SG_MAXNO is 99; 

insert into SG_INFO values('S' || LPAD(SG_INFO_SEQ.nextval, 3, 0), 'M001', '中央大學籃球魂不滅', to_timestamp('2018-12-30 10:00:00','yyyy-mm-dd hh24:mi:ss'),to_timestamp('2018-12-20 00:00:00','yyyy-mm-dd hh24:mi:ss'),to_timestamp('2018-12-27 00:00:00','yyyy-mm-dd hh24:mi:ss'),100,null,null,'公開','SP003','V000001',10,3,null,null,'歡迎歡迎熱烈歡迎',default,null,null,null,null);
insert into SG_INFO values('S' || LPAD(SG_INFO_SEQ.nextval, 3, 0), 'M001', '晨間老人羽球', to_timestamp('2018-12-15 08:00:00','yyyy-mm-dd hh24:mi:ss'),to_timestamp('2018-12-5 00:00:00','yyyy-mm-dd hh24:mi:ss'),to_timestamp('2018-12-12 00:00:00','yyyy-mm-dd hh24:mi:ss'),100,null,null,'公開','SP005','V000001',4,2,2,null,'來打羽球吧',default,null,null,null,null);
insert into SG_INFO values('S' || LPAD(SG_INFO_SEQ.nextval, 3, 0), 'M006', '熱血雙城計畫', to_timestamp('2018-12-20 21:30:00','yyyy-mm-dd hh24:mi:ss'),to_timestamp('2018-12-8 00:00:00','yyyy-mm-dd hh24:mi:ss'),to_timestamp('2018-12-17 00:00:00','yyyy-mm-dd hh24:mi:ss'),100,null,null,'公開','SP007',null,8,5,3,null,'一起來騎卡打掐',default,121.51694880000002,25.0478142,120.30200650000006,22.6389745);
insert into SG_INFO values('S' || LPAD(SG_INFO_SEQ.nextval, 3, 0), 'M005', '台北直直跑', to_timestamp('2018-12-7 17:30:00','yyyy-mm-dd hh24:mi:ss'),to_timestamp('2018-11-30 00:00:00','yyyy-mm-dd hh24:mi:ss'),to_timestamp('2018-12-4 00:00:00','yyyy-mm-dd hh24:mi:ss'),null,null,null,'公開','SP006',null,5,3,5,4,'跑起來','成團',121.56447219999995,25.0339639,121.56631708145142,25.041126551200858);
insert into SG_INFO values('S' || LPAD(SG_INFO_SEQ.nextval, 3, 0), 'M005', '打排球', to_timestamp('2018-11-30 18:30:00','yyyy-mm-dd hh24:mi:ss'),to_timestamp('2018-11-20 00:00:00','yyyy-mm-dd hh24:mi:ss'),to_timestamp('2018-11-27 00:00:00','yyyy-mm-dd hh24:mi:ss'),null,null,null,'限社團','SP002','V000001',20,12,5,null,null,'流團',null,null,null,null);
insert into SG_INFO values('S' || LPAD(SG_INFO_SEQ.nextval, 3, 0), 'M007', '網球拍拍', to_timestamp('2018-12-30 18:30:00','yyyy-mm-dd hh24:mi:ss'),to_timestamp('2018-12-20 00:00:00','yyyy-mm-dd hh24:mi:ss'),to_timestamp('2018-12-27 00:00:00','yyyy-mm-dd hh24:mi:ss'),null,null,null,'公開','SP004','V000001',99,3,1,null,'便宜進口包包熱賣中','封鎖',null,null,null,null);
insert into SG_INFO values('S' || LPAD(SG_INFO_SEQ.nextval, 3, 0), 'M002', '棒球大聯盟', to_timestamp('2018-12-31 15:30:00','yyyy-mm-dd hh24:mi:ss'),to_timestamp('2018-12-10 00:00:00','yyyy-mm-dd hh24:mi:ss'),to_timestamp('2018-12-28 00:00:00','yyyy-mm-dd hh24:mi:ss'),300,null,null,'公開','SP001','V000001',20,9,5,null,'沒有棒球就吃不下飯，睡不著覺的人快來唷!',default,null,null,null,null);
insert into SG_INFO values('S' || LPAD(SG_INFO_SEQ.nextval, 3, 0), 'M012', '南崁籃球魂不滅', to_timestamp('2019-01-10 15:00:00','yyyy-mm-dd hh24:mi:ss'),to_timestamp('2018-12-20 00:00:00','yyyy-mm-dd hh24:mi:ss'),to_timestamp('2019-01-5 00:00:00','yyyy-mm-dd hh24:mi:ss'),null,null,null,'公開','SP003','V000001',5,2,null,null,'鬥牛要不要',default,null,null,null,null);
insert into SG_INFO values('S' || LPAD(SG_INFO_SEQ.nextval, 3, 0), 'M013', '桃園籃球魂不滅', to_timestamp('2018-12-31 19:00:00','yyyy-mm-dd hh24:mi:ss'),to_timestamp('2018-12-15 00:00:00','yyyy-mm-dd hh24:mi:ss'),to_timestamp('2018-12-27 00:00:00','yyyy-mm-dd hh24:mi:ss'),null,null,null,'公開','SP003','V000001',10,2,null,null,'少林功夫好耶~少林功夫好耶~少林功夫好耶~少林功夫好耶~少林功夫好耶~少林功夫好耶~少林功夫好耶~少林功夫好耶~少林功夫好耶~少林功夫好耶~',default,null,null,null,null);
insert into SG_INFO values('S' || LPAD(SG_INFO_SEQ.nextval, 3, 0), 'M014', '台北籃球魂不滅', to_timestamp('2018-12-25 20:00:00','yyyy-mm-dd hh24:mi:ss'),to_timestamp('2018-12-10 00:00:00','yyyy-mm-dd hh24:mi:ss'),to_timestamp('2018-12-23 00:00:00','yyyy-mm-dd hh24:mi:ss'),null,null,null,'公開','SP003','V000001',15,5,2,null,'以球會友!',default,null,null,null,null);
insert into SG_INFO values('S' || LPAD(SG_INFO_SEQ.nextval, 3, 0), 'M004', '中原大學籃球魂不滅', to_timestamp('2019-01-05 20:00:00','yyyy-mm-dd hh24:mi:ss'),to_timestamp('2018-12-10 00:00:00','yyyy-mm-dd hh24:mi:ss'),to_timestamp('2019-01-02 00:00:00','yyyy-mm-dd hh24:mi:ss'),null,null,null,'公開','SP003','V000001',10,3,1,null,'單挑啊!嫩逼',default,null,null,null,null);
insert into SG_INFO values('S' || LPAD(SG_INFO_SEQ.nextval, 3, 0), 'M008', '中壢高中籃球魂不滅', to_timestamp('2018-12-30 18:00:00','yyyy-mm-dd hh24:mi:ss'),to_timestamp('2018-12-05 00:00:00','yyyy-mm-dd hh24:mi:ss'),to_timestamp('2018-12-20 00:00:00','yyyy-mm-dd hh24:mi:ss'),null,null,null,'公開','SP003','V000001',10,5,2,null,'教練，我想打球阿....',default,null,null,null,null);


------------09-INSERT--------------------
------------SG_MSG-----------------------
---------------------------------20181210
insert into SG_MSG values('MSG' || LPAD(SG_MSG_SEQ.nextval, 3, 0),'S002','M002','請問需要準備哪些裝備呢?');
insert into SG_MSG values('MSG' || LPAD(SG_MSG_SEQ.nextval, 3, 0),'S002','M003','安安你好');
insert into SG_MSG values('MSG' || LPAD(SG_MSG_SEQ.nextval, 3, 0),'S003','M003','how are you?');
insert into SG_MSG values('MSG' || LPAD(SG_MSG_SEQ.nextval, 3, 0),'S004','M002','peter1');
insert into SG_MSG values('MSG' || LPAD(SG_MSG_SEQ.nextval, 3, 0),'S005','M004','欠檢舉逆!?');

insert into SG_MSG values('MSG' || LPAD(SG_MSG_SEQ.nextval, 3, 0),'S002','M002','請問需要準備哪些裝備呢?');
insert into SG_MSG values('MSG' || LPAD(SG_MSG_SEQ.nextval, 3, 0),'S002','M003','安安你好');
insert into SG_MSG values('MSG' || LPAD(SG_MSG_SEQ.nextval, 3, 0),'S003','M003','how are you?');
insert into SG_MSG values('MSG' || LPAD(SG_MSG_SEQ.nextval, 3, 0),'S004','M002','peter1');
insert into SG_MSG values('MSG' || LPAD(SG_MSG_SEQ.nextval, 3, 0),'S005','M004','欠檢舉逆!?');
insert into SG_MSG values('MSG' || LPAD(SG_MSG_SEQ.nextval, 3, 0),'S012','M019','團長好帥');
insert into SG_MSG values('MSG' || LPAD(SG_MSG_SEQ.nextval, 3, 0),'S012','M020','當天會好天氣嗎?');
insert into SG_MSG values('MSG' || LPAD(SG_MSG_SEQ.nextval, 3, 0),'S012','M022','看我電報你!');
insert into SG_MSG values('MSG' || LPAD(SG_MSG_SEQ.nextval, 3, 0),'S012','M008','可以帶女友去嗎?');
insert into SG_MSG values('MSG' || LPAD(SG_MSG_SEQ.nextval, 3, 0),'S010','M002','David說你好');
insert into SG_MSG values('MSG' || LPAD(SG_MSG_SEQ.nextval, 3, 0),'S010','M004','感恩seafood，讚嘆seafood');


------------10-INSERT--------------------
------------SG_MEM-----------------------
---------------------------------20181210
--SG_MEM假資料建立(資料不足 需再補充)
insert into SG_MEM (SG_NO,MEM_NO,CH_STATUS) values ('S003','M002','已報到');
insert into SG_MEM (SG_NO,MEM_NO,CH_STATUS) values ('S003','M003','已報到');
insert into SG_MEM (SG_NO,MEM_NO) values ('S005','M004');

insert into SG_MEM (SG_NO,MEM_NO) values ('S002','M002');
insert into SG_MEM (SG_NO,MEM_NO) values ('S002','M003');
insert into SG_MEM (SG_NO,MEM_NO) values ('S003','M004');
insert into SG_MEM (SG_NO,MEM_NO) values ('S003','M005');
insert into SG_MEM (SG_NO,MEM_NO) values ('S003','M007');
insert into SG_MEM (SG_NO,MEM_NO,CH_STATUS) values ('S004','M002','已報到');
insert into SG_MEM (SG_NO,MEM_NO,CH_STATUS) values ('S004','M003','已報到');
insert into SG_MEM (SG_NO,MEM_NO,CH_STATUS) values ('S004','M004','已報到');
insert into SG_MEM (SG_NO,MEM_NO) values ('S005','M008');
insert into SG_MEM (SG_NO,MEM_NO) values ('S005','M009');
insert into SG_MEM (SG_NO,MEM_NO) values ('S005','M010');
insert into SG_MEM (SG_NO,MEM_NO) values ('S005','M011');
insert into SG_MEM (SG_NO,MEM_NO) values ('S005','M012');
insert into SG_MEM (SG_NO,MEM_NO) values ('S006','M004');
insert into SG_MEM (SG_NO,MEM_NO) values ('S007','M001');
insert into SG_MEM (SG_NO,MEM_NO) values ('S007','M003');
insert into SG_MEM (SG_NO,MEM_NO) values ('S007','M005');
insert into SG_MEM (SG_NO,MEM_NO) values ('S007','M013');
insert into SG_MEM (SG_NO,MEM_NO) values ('S007','M014');
insert into SG_MEM (SG_NO,MEM_NO) values ('S010','M010');
insert into SG_MEM (SG_NO,MEM_NO) values ('S010','M012');
insert into SG_MEM (SG_NO,MEM_NO) values ('S011','M007');
insert into SG_MEM (SG_NO,MEM_NO) values ('S012','M006');
insert into SG_MEM (SG_NO,MEM_NO) values ('S012','M009');


------------11-INSERT--------------------
------------SG_REP-----------------------
---------------------------------20181210
insert into SG_REP values('REP' || LPAD(SG_REP_SEQ.nextval, 3, 0),'S005','M004','廣告推銷','欠檢舉啦',default);



------------12-INSERT--------------------
------------EVAOFMEM-----------------------
---------------------------------20181210


------------13-INSERT--------------------
------------SG_LIKE----------------------
---------------------------------20181210
insert into SG_LIKE values('S001','M002');
insert into SG_LIKE values('S001','M003');
insert into SG_LIKE values('S001','M004');
insert into SG_LIKE values('S002','M003');
insert into SG_LIKE values('S002','M004');
insert into SG_LIKE values('S003','M008');
insert into SG_LIKE values('S007','M008');
insert into SG_LIKE values('S007','M010');
insert into SG_LIKE values('S005','M004');
insert into SG_LIKE values('S005','M010');
insert into SG_LIKE values('S005','M013');


------------14-INSERT--------------------
------------CLUB-------------------------
---------------------------------20181210
Insert into CLUB (CLUB_NO,SP_NO,PHOTO,PHOTO_EXT,CLUB_STATUS,CLUB_NAME,CLUB_INTRO) 
            values ('C'||LPAD(to_char(club_seq.NEXTVAL), 4, '0'),'SP006',NULL,NULL,'封鎖','跑跑跑向前跑','歡迎所有喜歡跑步的朋友一起加入跑跑跑向前跑，這邊將提供提供慢跑運動、運動飲食、體能訓練，並提供最新慢跑鞋介紹，歡迎大家一起來分享跑步與訓練心得。');
Insert into CLUB (CLUB_NO,SP_NO,PHOTO,PHOTO_EXT,CLUB_STATUS,CLUB_NAME,CLUB_INTRO)
            values ('C'||LPAD(to_char(club_seq.NEXTVAL), 4, '0'),'SP003',NULL,NULL,DEFAULT,'籃球組隊約戰','籃球，不要光用「看」的；更不要用「講」的。籃球，用「打」的才過癮！一起來「打」球吧！');
Insert into CLUB (CLUB_NO,SP_NO,PHOTO,PHOTO_EXT,CLUB_STATUS,CLUB_NAME,CLUB_INTRO)
            values ('C'||LPAD(to_char(club_seq.NEXTVAL), 4, '0'),'SP007',NULL,NULL,DEFAULT,'中央騎跡','大至國際的自行車盛事，小到YouBike的芝麻小事，讓我們從踩踏間找到生活的樂趣，中央騎跡要讓你成為全世界最幸福的車友！');
Insert into CLUB (CLUB_NO,SP_NO,PHOTO,PHOTO_EXT,CLUB_STATUS,CLUB_NAME,CLUB_INTRO)
            values ('C'||LPAD(to_char(club_seq.NEXTVAL), 4, '0'),'SP004',NULL,NULL,DEFAULT,'今晚打老虎','打爆你們這些嫩逼');
Insert into CLUB (CLUB_NO,SP_NO,PHOTO,PHOTO_EXT,CLUB_STATUS,CLUB_NAME,CLUB_INTRO)
            values ('C'||LPAD(to_char(club_seq.NEXTVAL), 4, '0'),'SP005',NULL,NULL,DEFAULT,'羽球俱樂部','不管你是新手、老手、High咖、悶騷咖，只要你是想打球的『羽球咖』，哩來，哩來，攏總來！技巧不重要，開心才重要，逗陣來打球，一起交朋友。 我們都很好相處哦，想打球的伙伴快加入我們吧！');
Insert into CLUB (CLUB_NO,SP_NO,PHOTO,PHOTO_EXT,CLUB_STATUS,CLUB_NAME,CLUB_INTRO)
            values ('C'||LPAD(to_char(club_seq.NEXTVAL), 4, '0'),'SP002',NULL,NULL,DEFAULT,'排球魂','排球の魂~初衷、熱血、團結、努力 ');
Insert into CLUB (CLUB_NO,SP_NO,PHOTO,PHOTO_EXT,CLUB_STATUS,CLUB_NAME,CLUB_INTRO)
            values ('C'||LPAD(to_char(club_seq.NEXTVAL), 4, '0'),'SP001',NULL,NULL,'封鎖','棒球樂園','歡迎來到棒球樂園 , 這裡希望能帶給大家歡樂 !');



------------15-INSERT--------------------
------------CLUB_MEMBERLIST--------------
---------------------------------20181210
Insert into CLUB_memberlist (CLUB_NO,MEM_NO,CMEM_STATUS,CMEM_CLASS) 
                    values('C0001','M003','待審核',DEFAULT);
Insert into CLUB_memberlist (CLUB_NO,MEM_NO,CMEM_STATUS,CMEM_CLASS,SILENCE_TIME) 
                    values ('C0002','M005','正常',DEFAULT,to_timestamp('2018-11-10 12:00:04','yyyy-mm-dd hh24:mi:ss'));
Insert into CLUB_memberlist (CLUB_NO,MEM_NO,CMEM_STATUS,CMEM_CLASS)
                    values ('C0003','M001','正常',DEFAULT);
Insert into CLUB_memberlist (CLUB_NO,MEM_NO,CMEM_STATUS,CMEM_CLASS)
                    values ('C0004','M002','正常',DEFAULT);
Insert into CLUB_memberlist (CLUB_NO,MEM_NO,CMEM_STATUS,CMEM_CLASS,SILENCE_TIME)
                    values ('C0005','M007','正常',DEFAULT,to_timestamp('2019-01-30 00:00:00','yyyy-mm-dd hh24:mi:ss'));
Insert into CLUB_memberlist (CLUB_NO,MEM_NO,CMEM_STATUS,CMEM_CLASS)
                    values ('C0006','M004','待審核','管理員');
Insert into CLUB_memberlist (CLUB_NO,MEM_NO,CMEM_STATUS,CMEM_CLASS)
                    values ('C0007','M006','正常','管理員');



------------16-INSERT--------------------
------------MUTIMEDIA--------------------
---------------------------------20181210
insert into multimedia(
	media_no, file_extension, media_content,
	club_no, mem_no,
	media_releasedate, media_title)
values(
	'ME'||LPAD(TO_CHAR(multimedia_seq.NEXTVAL),5,'0'),NULL,NULL,
	'C0002','M005',
	to_timestamp('2018-12-09 12:30:00' ,'yyyy-mm-dd hh24:mi:ss' ),'聚餐'
);
insert into multimedia(
	media_no,file_extension,media_content,
	club_no,mem_no,
	media_releasedate,media_title)
values(
	'ME'||LPAD(TO_CHAR(multimedia_seq.NEXTVAL),5,'0'),NULL,NULL,
	'C0003','M001',
	to_timestamp('2018-12-11 12:30:00','yyyy-mm-dd hh24:mi:ss'),'沿路風景'
);



------------17-INSERT--------------------
------------POST_INFO--------------------
---------------------------------20181210
Insert into POST_INFO (POST_NO,CLUB_NO,MEM_NO,POST_TOPIC,POST_CONTENT,POST_DATE) 
                    values ('P'||LPAD(to_char(post_info_seq.NEXTVAL), 4, '0'),'C0001','M003','運動保健','運動後的護理保養


● 運動後的緩和收操~避免痠痛肌肉產生

激烈運動後不要馬上停止，要慢慢降低做一些有氧緩和的動作，至少要維持10分鐘以上，能夠將體內形成的乳酸再次合成並代謝掉。

全身性舒緩的有氧運動：緩跑健走、緩騎自行車
能夠讓心跳率慢慢緩降至正常情況，也能夠讓運痛受產生出的物質(例如乳酸)能夠代謝排出。

局部關節運動：頸部、腳踝、膝蓋
關節部分慢慢地做伸展環繞運動，因為運動時關節與肌腱承受相當的壓力，藉由運動後關節的舒緩活動能夠避免關節僵化並促進關節系統的代謝。

伸展拉筋運動：
肌肉的溫度依然溫熱的情形下進行是最佳的，緩慢地將肌肉拉長延展維持6~30秒一個循環，這項緩和運動是一個維持肌肉長度與彈性的關鍵，尤其是在做完超負荷的訓練時伸展就更為重要。



● 運動後營養補充：多補充電解質、鉀、鎂、蛋白質以及水分

運動的營養補充主要包括水份及電解質，過度疲勞或營養不夠的身體，不但容易發生急性運動傷害，也容易產生慢性運動傷害。

如果身體已經痠痛就要多休息、多喝水、多按摩。補充電解質、鉀、鎂，來維持肌肉功能正常。

補充蛋白質：魚、瘦肉、牛奶、蛋

運動後肌纖維內蛋白質的合成速率最快，有助肌肉生成、代謝及修復。所以運動後，可多吃富含蛋白質的食物。

補充鎂：
鎂能幫助醣類代謝，並負責維持心臟、肌肉及神經正常功能，運動後會大量出汗，補充鎂能夠幫助維持心臟功能；此外鎂能夠維持肌肉正常，提升運動表現，也能夠舒緩運動後的緊繃肌肉。

補充水分：
一解身體運動後的乾渴，幫助身體降低溫度，減少組織發炎的機會。

適度睡眠：
充足的睡眠時間與良好的睡眠品質，讓身體有最好的時間與最佳的效率來恢復運動造成的身體消耗。


● 運動後黃金保養

運動後的30分鐘是體內血液循環代謝率增高的時間，因此在此時有效的肌膚保養能夠增加吸收。',to_timestamp('2018-12-08 00:00:00','yyyy-mm-dd hh24:mi:ss'));

Insert into POST_INFO (POST_NO,CLUB_NO,MEM_NO,POST_TOPIC,POST_CONTENT,POST_DATE) 
                    values ('P'||LPAD(to_char(post_info_seq.NEXTVAL), 4, '0'),'C0002','M005','閒聊','怪力亂神？你不知道的球員迷信


1.Jordan每場比賽都會穿兩條球褲
在1982年帶領北卡奪得NCAA冠軍之後，Jordan認為當時所穿的球褲就是他的幸運物。因此在他帶領公牛隊建立六冠王朝期間，他每場比賽都會將北卡的球褲穿在公牛隊的球褲裏面。
為了同時穿上兩條球褲，Jordan必須穿上大一碼的球褲。但正因為這樣Jordan順道帶起了整個NBA都穿大球褲的潮流。


2.Caron Butler被聯盟禁止壞習慣
每個球星都有他獨特的習慣，例如Curry的咬牙套，詹皇開場前的撒白粉，但是我們很少聽見聯盟會指明禁止某個球星的習慣，而這樣的規定剛好出現在Caron Butler身上兩次。
在為巫師效力期間，Caron Butler會在賽前喝半瓶兩公升的汽水，並在中場休息時喝完另一半。聯盟認為喝兩公升的汽水對他的表現及健康絕對有壞影響，所以決定禁止他再狂喝下去。
而第二樣被禁止的習慣是嚼吸管，他最高紀錄可以一場嚼12支吸管。他的上癮程度甚至要妻子每天為他拿60支吸管。在板凳休息的時侯，他會把吸管切成一小段然後慢慢嚼，而這項行為在2010年正式被聯盟禁止。


3.Jason Terry會在比賽前穿對手的球褲睡覺
作為專業球員當然要在比賽前好好了解自己的對手，而Terry採取了另類的方法去了解敵人。他在比賽前的一晚會穿對手的球褲睡覺，雖然穿對手的球褲睡覺不算太特別，但最特別的是他要求球褲必須是對手在比賽中親身穿過的。Terry認為他需要和對手有一定的連結才能夠保持比賽上的專注。
至於他為什麼能夠收集這麼多球褲，就是因為他私下跟不少球隊的訓練師及球員有不錯的交情。當然他也有收集不到球褲的時候，例如2006年對上熱火的總冠軍戰，他連一件熱火的球褲也拿不到，這可能就是小牛失落冠軍的原因之一。


4.三巨頭年代的賽爾提克會在比賽前吃三明治
為了預防嘔吐，大部份球員都會避免在比賽前進食。但是三巨頭年代的KG偏偏反其道而行，在每場比賽開始前1個小時會吃至小一個花生果醬三明治。
這一個習慣後來更發展到全隊都會在比賽前開三明治派對，而Rondo也因此養成習慣，並延續至今。有些人更認為這就是KG能在比賽高度集中的秘密。



5.Hamilton會在比賽前洗澡
一般而言，大家都會在運動過後滿身大汗才會去洗澡。有趣的是Hamilton會在比賽前就洗澡，他解釋指洗澡會令他感覺潔凈並能更有效跟比賽節奏同步。雖然隊友們都會因為這個習慣而嘲笑他，但他認為這是他保持高水平表現的必要元素。
除了Hamilton以外，Rondo也是其中一個會在比賽前洗澡的人。跟Hamilton不同的是，Rondo會在比賽當天洗澡四次，所以大家別再說Rondo是一個「骯髒」的球員了！',to_timestamp('2018-12-15 18:36:57','yyyy-mm-dd hh24:mi:ss'));


------------18-INSERT--------------------
------------POST_LIKE--------------------
---------------------------------20181210
Insert into POST_LIKE(POST_NO,MEM_NO,LIKE_TYPE) values ('P0001','M001','讚');
Insert into POST_LIKE(POST_NO,MEM_NO,LIKE_TYPE) values ('P0002','M005','讚');



------------19-INSERT--------------------
------------RESPONES---------------------
---------------------------------20181210
Insert into RESPONES (RES_NO,POST_NO,MEM_NO,RES_CONTENT,RES_DATE)
                   values ('R'||LPAD(to_char(respones_seq.NEXTVAL), 4, '0'),'P0001','M003','讚讚der',to_timestamp('2018-12-08 14:45:32','yyyy-mm-dd hh24:mi:ss'));
Insert into RESPONES (RES_NO,POST_NO,MEM_NO,RES_CONTENT,RES_DATE)
                   values ('R'||LPAD(to_char(respones_seq.NEXTVAL), 4, '0'),'P0002','M005','黑人問號',to_timestamp('2018-12-15 22:45:32','yyyy-mm-dd hh24:mi:ss'));

------------20-INSERT--------------------
------------RESPONES_LIKE----------------
---------------------------------20181210
Insert into RESPONES_LIKE (RES_NO,MEM_NO) values ('R0001','M003');
Insert into RESPONES_LIKE (RES_NO,MEM_NO) values ('R0002','M005');



------------21-INSERT--------------------
------------ORD--------------------------
---------------------------------20181210
Insert into ORD (ORD_NO,
MEM_NO,
ORD_DATE,
ORD_DELDATE,
ORD_STATUS,
ORD_BACKDELDATE,
ORD_AMOUNT,
ORD_BACKAMOUNT
) values (
to_char(sysdate,'yyyymmdd')||'-'||LPAD(to_char(ORD_SEQ.NEXTVAL),6, '0'),
'M001',
CURRENT_TIMESTAMP,
CURRENT_TIMESTAMP,
'待出貨',
CURRENT_TIMESTAMP,
0000001,
0000001
);



------------22-INSERT--------------------
------------PRODUCTCLASS-----------------
---------------------------------20181210
Insert into PRODUCTCLASS (PRO_CLASSID,PRO_CLASSNAME) values ('PT'||LPAD(to_char(PRODUCTCLASS_SEQ.NEXTVAL), 3, '0'),'CLOTHING');
Insert into PRODUCTCLASS (PRO_CLASSID,PRO_CLASSNAME) values ('PT'||LPAD(to_char(PRODUCTCLASS_SEQ.NEXTVAL), 3, '0'),'SHOES');

------------23-INSERT--------------------
------------PRODUCT----------------------
---------------------------------20181210
Insert into PRODUCT (
PRO_NO,
PRO_CLASSID,
PRO_NAME,
PRO_PIC,
PRO_PIC_EXT,
PRO_FORMAT,
PRO_BONUS,
PRO_STOCK,
PRO_SAFESTOCK,
PRO_DETAILS,
PRO_SHELVE,
PRO_ALL_ASSESS,
PRO_ALL_ASSESSMAN
) values (
'P'||LPAD(to_char(PRODUCT_SEQ.NEXTVAL), 3, '0'),
'PT001',
'Nikex',
NULL,
'PIC_EXT',
'9.5',
2000,
20,
5,
'DETAILS..........',
'上架中',
5,
10
);


------------24-INSERT--------------------
------------ORDDETAILS-------------------
---------------------------------20181210
Insert into ORDDETAILS(
ORD_NO,
PRO_NO,
ORD_PROBONUNS,
PRO_COUNT    
) values (
to_char(sysdate,'yyyymmdd')||'-000001',
'P001',
3400,
5
);


------------25-INSERT--------------------
------------PRODUCTLIKE------------------
---------------------------------20181210



------------27-INSERT--------------------
------------PROMOTION--------------------
---------------------------------20181210
Insert into PROMOTION (PROM_PROJECT_ID,
PROM_PROJECT_NAME,
PROM_PROJECT_SDATE,
PROM_PROJECT_EDATE) values 
    ('PR'||LPAD(to_char(PROMOTION_SEQ.NEXTVAL), 3, '0'),
    '母親節優惠',
    to_timestamp('2019-05-2','YYYY-MM-DD'),
    to_timestamp('2019-05-12','YYYY-MM-DD')
);

Insert into PROMOTION (PROM_PROJECT_ID,
PROM_PROJECT_NAME,
PROM_PROJECT_SDATE,
PROM_PROJECT_EDATE) values 
    ('PR'||LPAD(to_char(PROMOTION_SEQ.NEXTVAL), 3, '0'),
    '聖誕節優惠',
    to_timestamp('2019-12-15','YYYY-MM-DD'),
    to_timestamp('2019-12-25','YYYY-MM-DD')
);



------------28-INSERT--------------------
------------PRO_DETAIL_PROMO-------------
---------------------------------20181210
Insert into PRO_DETAIL_PROM(
    PROM_PROJECT_ID,
    PRO_NO,
    PRO_SALE
) values (
    'PR001',
    'P001',
    7000
);


------------29-INSERT--------------------
------------ADDRESS----------------------
---------------------------------20181210


------------30-INSERT--------------------
------------NEWSTYPE---------------------
---------------------------------20181210
INSERT INTO NEWSTYPE(
	NEWSTYPE_NO, NEWSTYPE_NAME)
VALUES(
	'NT'||LPAD(TO_CHAR(NEWSTYPE_SEQ.NEXTVAL),3,'0'),'公告'
);
INSERT INTO NEWSTYPE(
	NEWSTYPE_NO, NEWSTYPE_NAME)
VALUES(
	'NT'||LPAD(TO_CHAR(NEWSTYPE_SEQ.NEXTVAL),3,'0'),'重大賽事資訊'
);
INSERT INTO NEWSTYPE(
	NEWSTYPE_NO, NEWSTYPE_NAME)
VALUES(
	'NT'||LPAD(TO_CHAR(NEWSTYPE_SEQ.NEXTVAL),3,'0'),'促銷商品'
);



------------31-INSERT--------------------
------------NEWS-------------------------
---------------------------------20181210
INSERT INTO NEWS(
	NEWS_NO,NEWS_TYPENO,NEWS_SCRIPT,
	PIC_EXTENSION,NEWS_PICTURE,NEWS_STUTAS,
	NEWS_RELEASE_DATE,NEWS_LAST_DATE)
VALUES(
	'N'||LPAD(TO_CHAR(NEWS_SEQ.NEXTVAL),3,'0'),'NT001','測試公告----ABCD1234',
	NULL,NULL,'未發布',
	NULL,NULL
);
INSERT INTO NEWS(
	NEWS_NO,NEWS_TYPENO,NEWS_SCRIPT,
	PIC_EXTENSION,NEWS_PICTURE,NEWS_STUTAS,
	NEWS_RELEASE_DATE,NEWS_LAST_DATE)
VALUES(
	'N'||LPAD(TO_CHAR(NEWS_SEQ.NEXTVAL),3,'0'),'NT002','測試重大賽事資訊----<BR>ABCD1234',
	NULL,NULL,'未發布',
	NULL,NULL
);
INSERT INTO NEWS(
	NEWS_NO,NEWS_TYPENO,NEWS_SCRIPT,
	PIC_EXTENSION,NEWS_PICTURE,NEWS_STUTAS,
	NEWS_RELEASE_DATE,NEWS_LAST_DATE)
VALUES(
	'N'||LPAD(TO_CHAR(NEWS_SEQ.NEXTVAL),3,'0'),'NT003','測試促銷商品----ABCD1234',
	NULL,NULL,'未發布',
	NULL,NULL
);



------------32-INSERT--------------------
------------EMP--------------------------
---------------------------------20181210
INSERT INTO EMP(
	EMP_NO,EMP_NAME,EMP_AUTH,EMP_PHONE,
	EMP_EMAIL,EMP_ACCOUNT,EMP_PSW,
	HIREDATE,LEAVEDATE)
VALUES(
	'E'||LPAD(TO_CHAR(EMP_SEQ.NEXTVAL),3,'0'),'Peter1','超級管理員','0912345678',
	'peter1@ca105.test.test','Peter1','123456',
	null,null
);


------------33-INSERT--------------------
------------COMPETITION------------------
---------------------------------20181210
INSERT INTO COMPETITION(
	COMP_NO, COMP_NAME,
	COMP_STARTDATE,COMP_ENDDATE,
	COMP_CONT)
VALUES(
	'C'||LPAD(TO_CHAR(COMPETITION_SEQ.NEXTVAL),3,'0'),'武嶺盃－自我挑戰練車趣',
	TO_TIMESTAMP('2018-12-08 05:00:00','yyyy-mm-dd hh24:mi:ss'),
	TO_TIMESTAMP('2018-12-08 13:00:00','yyyy-mm-dd hh24:mi:ss'),
	'武嶺盃:自我挑戰練車趣~
一、	活動特色:
(一)	專業達人領騎，機車巡迴交管，休旅車隨時保姆補給，遊覽車支援保護。
(二)	親朋好友也可以報名繳費參加，坐在遊覽車上共同武嶺加油趣。
(三)	騎不動上車，沿途吃吃喝喝， 遊覽車上隨時準備咖啡，茶水，補給品:果凍+餅乾+可樂+舒跑+沙其瑪+牛乳糖…。
(四)	可以騎一段，上車休息一段再騎。
(五)	幫助新人完成騎上武嶺夢想，老手重温武嶺舊夢。
(六)	幫助平安下山。
二、	活動日期:
108/2/17
108/4/14
108/6/9
108/8/11
108/10/13
108/12/8上午5點至13點左右。
三、	活動路線:起點埔里鎮地理中心碑出發→人止關16K/790M→霧社22K/1170M→清境26K/1600M→翠峰39K/2330M→鳶峰45K/2730M→昆陽52K/3100M→終點武嶺（55K/3275M）完騎。
四、	報名日期:即日起至2019年12月8日(星期日)止 。
五、	報名費用: 	
五、A報名費980元: 1武嶺完騎證書。
2武嶺完騎獎牌。
3專業達人交管領騎。
4補給餐點(依大會安排)
5免費簡易維修換胎:參加者須自備内胎。
6保險。
7高級大毛巾一條。
8坐交通工具下山。
B報名費1480元: 1武嶺完騎證書。
2武嶺完騎獎牌。
3專業達人交管領騎。
4補給餐點(依照大會安排)
5免費簡易維修換胎:參加者須自備内胎。
6保險。
7高級大毛巾一條。
8台中高鐵站上車埔里→清境來回，需要搭車的車友,
請洽遊覽車劉老闆:電話0931-171-757，前後輪必須拆裝置入單車袋中,
才可以上車或上貨車。');


commit;